{
  "auth.ts": 1778536549.1302755,
  "next-env.d.ts": 1778536218.5454786,
  "next.config.ts": 1776121558.73112,
  "proxy.ts": 1776993636.305909,
  "test_rt_pag.js": 1775791788.2729037,
  "app\\HomeSignOut.tsx": 1778536471.8714893,
  "app\\layout.tsx": 1776118371.855024,
  "app\\page.tsx": 1778536514.0167935,
  "app\\analise\\ClientAnalise.tsx": 1776964569.222375,
  "app\\analise\\diagnostics.ts": 1776965390.990577,
  "app\\analise\\page.tsx": 1776962213.243302,
  "app\\api\\accounts\\sync\\route.ts": 1777050918.2027314,
  "app\\api\\auth\\[...nextauth]\\route.ts": 1776118219.2928069,
  "app\\api\\campaigns\\_helpers.ts": 1778346732.5166807,
  "app\\api\\campaigns\\audiences\\route.ts": 1778346748.3923402,
  "app\\api\\campaigns\\audiences\\lookalike\\route.ts": 1778346755.3692439,
  "app\\api\\campaigns\\create\\route.ts": 1778346767.2291067,
  "app\\api\\campaigns\\image\\route.ts": 1778346759.9637194,
  "app\\api\\campaigns\\pages\\route.ts": 1778346744.5971115,
  "app\\api\\campaigns\\pixels\\route.ts": 1778346741.1068144,
  "app\\api\\cron\\daily-sync\\route.ts": 1778269470.5632863,
  "app\\api\\health\\route.ts": 1776100252.134579,
  "app\\api\\history\\route.ts": 1776913215.2312987,
  "app\\api\\import\\route.ts": 1776724222.418807,
  "app\\api\\import\\sync-today\\route.ts": 1776209908.1706083,
  "app\\api\\ofertas\\route.ts": 1776190005.1011512,
  "app\\api\\status-contas\\route.ts": 1776032072.047554,
  "app\\api\\status-contas\\sync\\route.ts": 1776191677.5081158,
  "app\\api\\sync\\route.ts": 1775857344.2746863,
  "app\\api\\sync\\meta-bulk\\route.ts": 1776908621.293286,
  "app\\api\\sync\\rt-bulk\\route.ts": 1776645978.7556362,
  "app\\api\\sync\\vturb-bulk\\route.ts": 1776908699.5318363,
  "app\\api-config\\actions.ts": 1776199283.723914,
  "app\\api-config\\page.tsx": 1775863949.2430012,
  "app\\campaigns\\ClientCampaignBuilder.tsx": 1778538100.1044936,
  "app\\campaigns\\page.tsx": 1778349298.5335603,
  "app\\components\\DopScaleLayout.tsx": 1775863957.216092,
  "app\\components\\SessionProvider.tsx": 1776118344.3775475,
  "app\\components\\V2MediaLabLayout.tsx": 1778288184.4790187,
  "app\\import\\CampaignHoverPopup.tsx": 1776965547.662827,
  "app\\import\\ClientImport.tsx": 1777297969.5469494,
  "app\\import\\hoverCache.ts": 1776913237.1678753,
  "app\\import\\page.tsx": 1775863956.198128,
  "app\\importv2\\ClientImportV2.tsx": 1778078402.2497494,
  "app\\importv2\\page.tsx": 1778078211.325864,
  "app\\login\\page.tsx": 1778536554.8881588,
  "app\\ofertas\\ClientOfertas.tsx": 1776191165.0987883,
  "app\\ofertas\\page.tsx": 1778546696.2221966,
  "app\\settings\\actions.ts": 1778077842.7081366,
  "app\\settings\\page.tsx": 1776199538.3324435,
  "app\\settings\\components\\AccountList.tsx": 1777050943.845021,
  "app\\settings\\components\\MetaSyncPanel.tsx": 1778546579.190025,
  "app\\settings\\components\\RtCampaignSelector.tsx": 1777046324.9561596,
  "app\\settings\\components\\VturbSyncPanel.tsx": 1776908886.843785,
  "app\\status-contas\\ClientStatusContas.tsx": 1776191894.3172944,
  "app\\status-contas\\page.tsx": 1776190199.5573003,
  "app\\users\\actions.ts": 1776992885.2464576,
  "app\\users\\page.tsx": 1776992905.2409742,
  "app\\users\\UsersClient.tsx": 1777046313.2277846,
  "lib\\access-server.ts": 1776993625.5523212,
  "lib\\access.ts": 1778288181.821718,
  "lib\\config.ts": 1776199256.2006445,
  "lib\\db.ts": 1776097111.2923093,
  "lib\\meta-accounts.ts": 1778349236.014313,
  "lib\\meta-campaigns.ts": 1778287355.0488455,
  "lib\\meta.ts": 1776991917.1259544,
  "lib\\redtrack-campaigns.ts": 1776987826.6927056,
  "lib\\redtrack.ts": 1776991890.616642,
  "lib\\stale-action.ts": 1777046290.0926383,
  "lib\\supabase.ts": 1775514042.1231346,
  "lib\\types.ts": 1775513575.4152088,
  "lib\\usd-brl.ts": 1776213808.9159148,
  "lib\\vturb.ts": 1776724175.9371746,
  "types\\next-auth.d.ts": 1776992843.268061,
  "AGENTS.md": 1776187968.2233782,
  "CLAUDE.md": 1775508730.1942666,
  "README.md": 1775508660.135331,
  "vturb-retencao-por-campanha.md": 1776720567.8923614,
  "public\\file.svg": 1775508660.194043,
  "public\\globe.svg": 1775508660.204884,
  "public\\next.svg": 1775508660.2175333,
  "public\\v2medialab-logo.jpeg": 1775864185.7971153,
  "public\\vercel.svg": 1775508660.2296982,
  "public\\window.svg": 1775508660.2420135
}